city,AQI,PM2.5/1h,PM10/1h,CO/1h,NO2/1h,O3/1h,O3/8h,SO2/1h
北海,18,2,3,0.65,9,38,34,7
湘西州,17,7,15,0.93,8,44,32,2
黔东南州,17,8,13,0.6,13,49,32,4
白山,16,6,15,0.7,10,43,31,6
钦州,16,5,3,0.57,12,33,31,9
防城港,16,7,0,0.67,9,30,31,6
西双版纳州,16,7,15,0.45,6,36,24,5
崇左,14,5,13,0.5,4,36,27,5
普洱,14,4,8,0.4,12,31,26,6
河池,13,9,11,0.6,9,33,24,4
